"KM_BERRY","HYDROLYSIS_ROOTS","SourceLoading_b","KM_ROOTS","cost"
0.08007200172171,0.00396818378139287,0.100791351869702,0.887723532374948,55418725201.3051
